{
    "avg_prec": 0.22995415198647357,
    "roc_auc": 0.8261006423525896
}